scenario,seed,strategy,net,gross,cost,contacts,n_pilots,n_finals,pilot_net,slope
S0 mock,0,agent,3891540.632937532,3985008.632937532,93468.0,11910,19,10,5676.61987832337,
S0 mock,0,noexp,4690960.255323164,4789540.255323164,98580.0,4680,0,7,0.0,
S0 mock,0,template,-1019431.0606441048,-995599.0606441048,23832.0,5958,6,2,-141498.35610401942,
S0 mock,0,confirm,4887123.974045424,4983631.974045424,96508.0,12257,19,10,677207.0871829712,
S0 mock,0,slope,4567038.361311428,4647706.361311428,80668.0,11037,19,10,677207.0871829712,1.2745645108258974
S0 mock,0,nothing,0.0,0.0,0.0,0,0,0,0.0,
S0 mock,0,oracle,5422899.914487408,5522581.914487408,99682.0,10483,0,10,0.0,
S0 mock,1,agent,4649284.765592365,4737458.765592365,88174.0,11033,19,10,-8648.198016769264,
S0 mock,1,noexp,4690960.255323164,4789540.255323164,98580.0,4680,0,7,0.0,
S0 mock,1,template,-576203.7790105487,-526587.7790105487,49616.0,12404,6,4,-137665.45439001248,
S0 mock,1,confirm,4693004.078894695,4787384.078894695,94380.0,11782,19,10,689662.8591311532,
S0 mock,1,slope,4813246.191634002,4912882.191634002,99636.0,11895,19,10,689662.8591311532,1.3313846792450212
S0 mock,1,nothing,0.0,0.0,0.0,0,0,0,0.0,
S0 mock,1,oracle,5422899.914487408,5522581.914487408,99682.0,10483,0,10,0.0,
S0 mock,2,agent,3599243.1393413637,3658903.1393413637,59660.0,14420,19,10,6813.104081155729,
S0 mock,2,noexp,4690960.255323164,4789540.255323164,98580.0,4680,0,7,0.0,
S0 mock,2,template,-338970.97459386534,-299826.97459386534,39144.0,9786,6,4,-138804.18572747934,
S0 mock,2,confirm,4316315.322138732,4380619.322138732,64304.0,12296,19,10,654411.545470061,
S0 mock,2,slope,4421213.211863318,4492477.211863318,71264.0,12296,19,10,654411.545470061,1.315130457967188
S0 mock,2,nothing,0.0,0.0,0.0,0,0,0,0.0,
S0 mock,2,oracle,5422899.914487408,5522581.914487408,99682.0,10483,0,10,0.0,
S0 mock,3,agent,4593846.561218085,4690732.561218085,96886.0,10070,19,9,-5530.045453229997,
S0 mock,3,noexp,4690960.255323164,4789540.255323164,98580.0,4680,0,7,0.0,
S0 mock,3,template,-140280.93497766246,-136680.93497766246,3600.0,900,6,0,-140280.93497766246,
S0 mock,3,confirm,3864941.5727239177,3964505.5727239177,99564.0,11068,19,10,669050.9697546102,
S0 mock,3,slope,3864941.5727239177,3964505.5727239177,99564.0,11068,19,10,669050.9697546102,0.9842884879286601
S0 mock,3,nothing,0.0,0.0,0.0,0,0,0,0.0,
S0 mock,3,oracle,5422899.914487408,5522581.914487408,99682.0,10483,0,10,0.0,
S0 mock,4,agent,2698553.632572037,2762749.632572037,64196.0,14996,19,10,5199.263379766231,
S0 mock,4,noexp,4690960.255323164,4789540.255323164,98580.0,4680,0,7,0.0,
S0 mock,4,template,-1019236.6714434463,-995404.6714434463,23832.0,5958,6,2,-136493.7807136342,
S0 mock,4,confirm,4097048.140542174,4189778.140542174,92730.0,14840,19,10,663106.6182739281,
S0 mock,4,slope,4264155.456232695,4364087.456232695,99932.0,14983,19,10,663106.6182739281,1.2195281184634506
S0 mock,4,nothing,0.0,0.0,0.0,0,0,0,0.0,
S0 mock,4,oracle,5422899.914487408,5522581.914487408,99682.0,10483,0,10,0.0,
S0 mock,5,agent,3444820.051116503,3542916.051116503,98096.0,14480,19,10,5751.325525353634,
S0 mock,5,noexp,4690960.255323164,4789540.255323164,98580.0,4680,0,7,0.0,
S0 mock,5,template,-366963.8866435362,-344683.8866435362,22280.0,5570,6,2,-138368.99507490936,
S0 mock,5,confirm,4545368.678010012,4641102.678010012,95734.0,14299,19,10,654245.8865925785,
S0 mock,5,slope,4575363.139552996,4672833.139552996,97470.0,14283,19,10,654245.8865925785,1.0551990165626053
S0 mock,5,nothing,0.0,0.0,0.0,0,0,0,0.0,
S0 mock,5,oracle,5422899.914487408,5522581.914487408,99682.0,10483,0,10,0.0,
S0 mock,6,agent,1214595.6207237637,1280015.6207237637,65420.0,14942,19,10,8729.489811172043,
S0 mock,6,noexp,4690960.255323164,4789540.255323164,98580.0,4680,0,7,0.0,
S0 mock,6,template,-320311.8401915287,-282495.8401915287,37816.0,9454,6,3,-136859.1419700034,
S0 mock,6,confirm,3590223.3895137063,3664739.3895137063,74516.0,14284,19,10,670420.0474515174,
S0 mock,6,slope,3661511.455351717,3742273.455351717,80762.0,9638,19,10,670420.0474515174,1.1380872366174897
S0 mock,6,nothing,0.0,0.0,0.0,0,0,0,0.0,
S0 mock,6,oracle,5422899.914487408,5522581.914487408,99682.0,10483,0,10,0.0,
S0 mock,7,agent,3349092.7930510184,3445308.7930510184,96216.0,13038,19,10,11183.714768073474,
S0 mock,7,noexp,4690960.255323164,4789540.255323164,98580.0,4680,0,7,0.0,
S0 mock,7,template,-348931.70612175035,-317995.70612175035,30936.0,7734,6,2,-140057.71709183563,
S0 mock,7,confirm,4771307.744251508,4870687.744251508,99380.0,9699,19,9,666221.6662313892,
S0 mock,7,slope,4591664.957960017,4691044.957960017,99380.0,8449,19,10,666221.6662313892,1.1237093426461422
S0 mock,7,nothing,0.0,0.0,0.0,0,0,0,0.0,
S0 mock,7,oracle,5422899.914487408,5522581.914487408,99682.0,10483,0,10,0.0,
S0 mock,8,agent,4118278.443606548,4204004.443606548,85726.0,13183,19,10,4549.936279276837,
S0 mock,8,noexp,4690960.255323164,4789540.255323164,98580.0,4680,0,7,0.0,
S0 mock,8,template,-76493.45195450934,-57581.45195450934,18912.0,4728,6,2,-142963.67254887303,
S0 mock,8,confirm,3727613.75815325,3800647.75815325,73034.0,12953,19,10,664114.4595050297,
S0 mock,8,slope,3727613.75815325,3800647.75815325,73034.0,12953,19,10,664114.4595050297,0.9663515183780979
S0 mock,8,nothing,0.0,0.0,0.0,0,0,0,0.0,
S0 mock,8,oracle,5422899.914487408,5522581.914487408,99682.0,10483,0,10,0.0,
S0 mock,9,agent,3972591.5470670825,4069003.5470670825,96412.0,14302,19,10,-32075.615716674518,
S0 mock,9,noexp,4690960.255323164,4789540.255323164,98580.0,4680,0,7,0.0,
S0 mock,9,template,-601537.532706727,-558801.532706727,42736.0,10684,6,3,-142714.1525076577,
S0 mock,9,confirm,2760603.109536932,2833227.109536932,72624.0,14934,19,10,653476.9569629508,
S0 mock,9,slope,2766411.902364812,2826923.902364812,60512.0,12803,19,10,653476.9569629508,1.0598765341020842
S0 mock,9,nothing,0.0,0.0,0.0,0,0,0,0.0,
S0 mock,9,oracle,5422899.914487408,5522581.914487408,99682.0,10483,0,10,0.0,
S1 x0.5,0,agent,1918656.7079703836,2011750.7079703836,93094.0,14971,19,10,-4661.690060838315,
S1 x0.5,0,noexp,2296190.127661582,2394770.127661582,98580.0,4680,0,7,0.0,
S1 x0.5,0,template,-521631.5303220524,-497799.5303220524,23832.0,5958,6,2,-72549.17805200971,
S1 x0.5,0,confirm,2140570.517044166,2231550.517044166,90980.0,10087,19,10,331105.5435914856,
S1 x0.5,0,slope,2002563.855122345,2075881.855122345,73318.0,10055,19,9,331105.5435914856,0.694113060437188
S1 x0.5,0,nothing,0.0,0.0,0.0,0,0,0,0.0,
S1 x0.5,0,oracle,2720125.2509899493,2819291.2509899493,99166.0,11217,0,10,0.0,
S1 x0.5,1,agent,2234763.065572868,2316057.065572868,81294.0,11033,19,10,-11824.099008384632,
S1 x0.5,1,noexp,2296190.127661582,2394770.127661582,98580.0,4680,0,7,0.0,
S1 x0.5,1,template,-323293.88950527436,-263293.88950527436,60000.0,15000,6,5,-70632.72719500624,
S1 x0.5,1,confirm,2198802.38757761,2286574.38757761,87772.0,14780,19,10,337333.4295655766,
S1 x0.5,1,slope,2059346.7116211727,2141334.7116211727,81988.0,11300,19,10,337333.4295655766,0.7509857720098307
S1 x0.5,1,nothing,0.0,0.0,0.0,0,0,0,0.0,
S1 x0.5,1,oracle,2720125.2509899493,2819291.2509899493,99166.0,11217,0,10,0.0,
S1 x0.5,2,agent,1737475.795432967,1796563.795432967,59088.0,14322,19,10,-4093.4479594221357,
S1 x0.5,2,noexp,2296190.127661582,2394770.127661582,98580.0,4680,0,7,0.0,
S1 x0.5,2,template,-189057.48729693267,-149913.48729693267,39144.0,9786,6,4,-71202.09286373967,
S1 x0.5,2,confirm,1701863.110587112,1795963.110587112,94100.0,14174,19,10,319707.7727350305,
S1 x0.5,2,slope,1485980.812768655,1573408.812768655,87428.0,13667,19,10,319707.7727350305,0.7349029049971694
S1 x0.5,2,nothing,0.0,0.0,0.0,0,0,0,0.0,
S1 x0.5,2,oracle,2720125.2509899493,2819291.2509899493,99166.0,11217,0,10,0.0,
S1 x0.5,3,agent,2248368.493481793,2345254.493481793,96886.0,10070,19,9,-10376.809853864444,
S1 x0.5,3,noexp,2296190.127661582,2394770.127661582,98580.0,4680,0,7,0.0,
S1 x0.5,3,template,-537146.0807152004,-521746.08071520034,15400.0,3850,6,1,-71940.46748883123,
S1 x0.5,3,confirm,1740314.6935983156,1840186.6935983156,99872.0,9348,19,9,327027.4848773051,
S1 x0.5,3,slope,1210767.573697668,1294423.573697668,83656.0,8466,19,5,327027.4848773051,0.4038670472117893
S1 x0.5,3,nothing,0.0,0.0,0.0,0,0,0,0.0,
S1 x0.5,3,oracle,2720125.2509899493,2819291.2509899493,99166.0,11217,0,10,0.0,
S1 x0.5,4,agent,1317178.8162860186,1381374.8162860186,64196.0,14996,19,10,-4900.3683101168845,
S1 x0.5,4,noexp,2296190.127661582,2394770.127661582,98580.0,4680,0,7,0.0,
S1 x0.5,4,template,-521534.33572172315,-497702.33572172315,23832.0,5958,6,2,-70046.8903568171,
S1 x0.5,4,confirm,1897735.996681594,1976041.996681594,78306.0,14792,19,10,324055.30913696403,
S1 x0.5,4,slope,1808140.4369188948,1884112.4369188948,75972.0,14630,19,10,324055.30913696403,0.6391318076965004
S1 x0.5,4,nothing,0.0,0.0,0.0,0,0,0,0.0,
S1 x0.5,4,oracle,2720125.2509899493,2819291.2509899493,99166.0,11217,0,10,0.0,
S1 x0.5,5,agent,1823803.0566848263,1923487.0566848263,99684.0,14868,19,10,-4624.337237323183,
S1 x0.5,5,noexp,2296190.127661582,2394770.127661582,98580.0,4680,0,7,0.0,
S1 x0.5,5,template,-194621.9433217681,-172341.9433217681,22280.0,5570,6,2,-70984.49753745468,
S1 x0.5,5,confirm,1545922.0607013858,1598092.0607013858,52170.0,12678,19,10,319624.94329628925,
S1 x0.5,5,slope,1047567.5847500041,1146951.584750004,99384.0,14991,19,7,319624.94329628925,0.4748027057956551
S1 x0.5,5,nothing,0.0,0.0,0.0,0,0,0,0.0,
S1 x0.5,5,oracle,2720125.2509899493,2819291.2509899493,99166.0,11217,0,10,0.0,
S1 x0.5,6,agent,552883.4760921061,635637.4760921061,82754.0,14942,19,10,-3135.2550944139784,
S1 x0.5,6,noexp,2296190.127661582,2394770.127661582,98580.0,4680,0,7,0.0,
S1 x0.5,6,template,-179063.92009576436,-141247.92009576436,37816.0,9454,6,3,-70229.5709850017,
S1 x0.5,6,confirm,1583080.4653252477,1647998.4653252477,64918.0,13791,19,10,327712.0237257587,
S1 x0.5,6,slope,1442488.5019027283,1542126.5019027283,99638.0,13715,19,9,327712.0237257587,0.5576883293822992
S1 x0.5,6,nothing,0.0,0.0,0.0,0,0,0,0.0,
S1 x0.5,6,oracle,2720125.2509899493,2819291.2509899493,99166.0,11217,0,10,0.0,
S1 x0.5,7,agent,1629558.8931391542,1725950.8931391542,96392.0,13038,19,9,-1908.1426159632629,
S1 x0.5,7,noexp,2296190.127661582,2394770.127661582,98580.0,4680,0,7,0.0,
S1 x0.5,7,template,-189933.85306087518,-158997.85306087518,30936.0,7734,6,2,-71828.85854591781,
S1 x0.5,7,confirm,2148505.0687712366,2247217.0687712366,98712.0,7947,19,6,325612.8331156946,
S1 x0.5,7,slope,2056030.0139272558,2146956.0139272558,90926.0,7847,19,7,325612.8331156946,0.5432796486968685
S1 x0.5,7,nothing,0.0,0.0,0.0,0,0,0,0.0,
S1 x0.5,7,oracle,2720125.2509899493,2819291.2509899493,99166.0,11217,0,10,0.0,
S1 x0.5,8,agent,1923263.9834624839,2017301.9834624839,94038.0,14726,19,10,-5225.0318603615815,
S1 x0.5,8,noexp,2296190.127661582,2394770.127661582,98580.0,4680,0,7,0.0,
S1 x0.5,8,template,-47702.72597725467,-28790.72597725467,18912.0,4728,6,2,-73281.83627443651,
S1 x0.5,8,confirm,1054701.7613801148,1105327.7613801148,50626.0,10753,19,10,336069.17533217266,
S1 x0.5,8,slope,593787.3269191745,691627.3269191745,97840.0,14603,19,6,336069.17533217266,0.3849603223043509
S1 x0.5,8,nothing,0.0,0.0,0.0,0,0,0,0.0,
S1 x0.5,8,oracle,2720125.2509899493,2819291.2509899493,99166.0,11217,0,10,0.0,
S1 x0.5,9,agent,1978338.5284695297,2036806.5284695297,58468.0,14302,19,10,-23537.80785833726,
S1 x0.5,9,noexp,2296190.127661582,2394770.127661582,98580.0,4680,0,7,0.0,
S1 x0.5,9,template,-322136.7663533635,-279400.7663533635,42736.0,10684,6,3,-73157.07625382885,
S1 x0.5,9,confirm,520125.0575385259,601043.0575385259,80918.0,11219,19,10,319240.4784814754,
S1 x0.5,9,slope,350904.9932632246,450462.9932632246,99558.0,13917,19,10,319240.4784814754,0.47964898113206544
S1 x0.5,9,nothing,0.0,0.0,0.0,0,0,0,0.0,
S1 x0.5,9,oracle,2720125.2509899493,2819291.2509899493,99166.0,11217,0,10,0.0,
S2 x2,0,agent,9321679.952082647,9409853.952082647,88174.0,13741,19,10,26347.04507605839,
S2 x2,0,noexp,9480500.510646328,9579080.510646328,98580.0,4680,0,7,0.0,
S2 x2,0,template,-189133.37683586305,-177101.37683586305,12032.0,3008,6,1,-279396.71220803884,
S2 x2,0,confirm,9923641.044471772,10019573.044471772,95932.0,12370,19,10,1369410.1743659424,
S2 x2,0,slope,9834717.438253831,9914263.438253831,79546.0,12370,19,10,1369410.1743659424,2.435467411603316
S2 x2,0,nothing,0.0,0.0,0.0,0,0,0,0.0,
S2 x2,0,oracle,10917278.524832455,11016852.524832455,99574.0,14822,0,10,0.0,
S2 x2,1,agent,8798499.605266932,8889085.605266932,90586.0,10663,19,10,-2355.97688430147,
S2 x2,1,noexp,9480500.510646328,9579080.510646328,98580.0,4680,0,7,0.0,
S2 x2,1,template,-1102791.5580210974,-1053175.5580210974,49616.0,12404,6,4,-271730.90878002497,
S2 x2,1,confirm,10323896.078924563,10423410.078924563,99514.0,10649,19,10,1394321.7182623064,
S2 x2,1,slope,10727298.079683408,10808666.079683408,81368.0,12121,19,10,1394321.7182623064,2.492182493715403
S2 x2,1,nothing,0.0,0.0,0.0,0,0,0,0.0,
S2 x2,1,oracle,10917278.524832455,11016852.524832455,99574.0,14822,0,10,0.0,
S2 x2,2,agent,4008390.381558758,4061750.381558758,53360.0,11789,19,10,-45749.82664379741,
S2 x2,2,noexp,9480500.510646328,9579080.510646328,98580.0,4680,0,7,0.0,
S2 x2,2,template,-630365.9491877307,-599653.9491877307,30712.0,7678,6,3,-274008.3714549587,
S2 x2,2,confirm,9422674.488893004,9521764.488893004,99090.0,10701,19,10,1323819.090940122,
S2 x2,2,slope,10216018.809878584,10313172.809878584,97154.0,11612,19,10,1323819.090940122,2.475585563907225
S2 x2,2,nothing,0.0,0.0,0.0,0,0,0,0.0,
S2 x2,2,oracle,10917278.524832455,11016852.524832455,99574.0,14822,0,10,0.0,
S2 x2,3,agent,9284579.12243617,9381465.12243617,96886.0,10070,19,9,3939.9090935400054,
S2 x2,3,noexp,9480500.510646328,9579080.510646328,98580.0,4680,0,7,0.0,
S2 x2,3,template,-276961.8699553249,-273361.8699553249,3600.0,900,6,0,-276961.8699553249,
S2 x2,3,confirm,10030989.622204036,10130117.622204036,99128.0,12745,19,10,1353097.9395092204,
S2 x2,3,slope,10327833.026469301,10427543.026469301,99710.0,11612,19,10,1353097.9395092204,2.1451313693624012
S2 x2,3,nothing,0.0,0.0,0.0,0,0,0,0.0,
S2 x2,3,oracle,10917278.524832455,11016852.524832455,99574.0,14822,0,10,0.0,
S2 x2,4,agent,3605667.9346039034,3687239.9346039034,81572.0,14948,19,10,23871.92964680762,
S2 x2,4,noexp,9480500.510646328,9579080.510646328,98580.0,4680,0,7,0.0,
S2 x2,4,template,-2014641.3428868926,-1990809.3428868926,23832.0,5958,6,2,-269387.5614272684,
S2 x2,4,confirm,8127851.4889250435,8210921.4889250435,83070.0,14781,19,10,1341209.2365478561,
S2 x2,4,slope,9027316.610526275,9127306.610526275,99990.0,13310,19,10,1341209.2365478561,2.3803207399973507
S2 x2,4,nothing,0.0,0.0,0.0,0,0,0,0.0,
S2 x2,4,oracle,10917278.524832455,11016852.524832455,99574.0,14822,0,10,0.0,
S2 x2,5,agent,6099682.408700576,6199464.408700576,99782.0,14978,19,10,28037.9946834675,
S2 x2,5,noexp,9480500.510646328,9579080.510646328,98580.0,4680,0,7,0.0,
S2 x2,5,template,-711647.7732870724,-689367.7732870724,22280.0,5570,6,2,-273137.9901498187,
S2 x2,5,confirm,9016784.827321418,9107234.827321418,90450.0,14282,19,10,1323487.773185157,
S2 x2,5,slope,9577484.435970617,9675710.435970617,98226.0,13212,19,10,1323487.773185157,2.2159916380965052
S2 x2,5,nothing,0.0,0.0,0.0,0,0,0,0.0,
S2 x2,5,oracle,10917278.524832455,11016852.524832455,99574.0,14822,0,10,0.0,
S2 x2,6,agent,2494611.2414475274,2560031.2414475274,65420.0,14942,19,10,32458.979622344086,
S2 x2,6,noexp,9480500.510646328,9579080.510646328,98580.0,4680,0,7,0.0,
S2 x2,6,template,-602807.6803830574,-564991.6803830574,37816.0,9454,6,3,-270118.2839400068,
S2 x2,6,confirm,9637539.79143931,9734367.79143931,96828.0,12370,19,10,1355836.0949030349,
S2 x2,6,slope,9996774.277277026,10095318.277277026,98544.0,12045,19,10,1355836.0949030349,2.298885051087871
S2 x2,6,nothing,0.0,0.0,0.0,0,0,0,0.0,
S2 x2,6,oracle,10917278.524832455,11016852.524832455,99574.0,14822,0,10,0.0,
S2 x2,7,agent,7364202.389557004,7418926.389557004,54724.0,14669,19,10,37367.42953614695,
S2 x2,7,noexp,9480500.510646328,9579080.510646328,98580.0,4680,0,7,0.0,
S2 x2,7,template,-666927.4122435007,-635991.4122435007,30936.0,7734,6,2,-276515.43418367126,
S2 x2,7,confirm,10304821.311815336,10404457.311815336,99636.0,10649,19,10,1347439.3324627783,
S2 x2,7,slope,11053642.597137894,11150216.597137894,96574.0,12121,19,10,1347439.3324627783,2.28456873054469
S2 x2,7,nothing,0.0,0.0,0.0,0,0,0,0.0,
S2 x2,7,oracle,10917278.524832455,11016852.524832455,99574.0,14822,0,10,0.0,
S2 x2,8,agent,8250110.4455400035,8335836.4455400035,85726.0,13183,19,10,-63618.296519552976,
S2 x2,8,noexp,9480500.510646328,9579080.510646328,98580.0,4680,0,7,0.0,
S2 x2,8,template,-134074.90390901867,-115162.90390901869,18912.0,4728,6,2,-282327.34509774606,
S2 x2,8,confirm,7951740.188816914,8037920.188816914,86180.0,13055,19,10,1343224.9190100594,
S2 x2,8,slope,8850531.893026348,8950309.893026348,99778.0,13600,19,10,1343224.9190100594,2.1271441399119984
S2 x2,8,nothing,0.0,0.0,0.0,0,0,0,0.0,
S2 x2,8,oracle,10917278.524832455,11016852.524832455,99574.0,14822,0,10,0.0,
S2 x2,9,agent,4418474.629898203,4500728.629898203,82254.0,11721,19,10,-49151.231433349036,
S2 x2,9,noexp,9480500.510646328,9579080.510646328,98580.0,4680,0,7,0.0,
S2 x2,9,template,-1160339.065413454,-1117603.065413454,42736.0,10684,6,3,-281828.3050153154,
S2 x2,9,confirm,8393339.683263795,8491807.683263795,98468.0,14993,19,10,1321949.9139259015,
S2 x2,9,slope,8272402.038595652,8355774.038595652,83372.0,14387,19,10,1321949.9139259015,2.220331640042122
S2 x2,9,nothing,0.0,0.0,0.0,0,0,0,0.0,
S2 x2,9,oracle,10917278.524832455,11016852.524832455,99574.0,14822,0,10,0.0,
S3 downsell,0,agent,3226695.7863458274,3321397.7863458274,94702.0,13613,19,10,-224763.77589246343,
S3 downsell,0,noexp,3848092.1749648536,3946672.1749648536,98580.0,4680,0,7,0.0,
S3 downsell,0,template,-262638.08557389845,-250606.08557389845,12032.0,3008,6,1,-260856.68620078152,
S3 downsell,0,confirm,3309242.325050868,3388216.325050868,78974.0,10457,19,9,352137.9022811585,
S3 downsell,0,slope,3380256.692919945,3471364.692919945,91108.0,10167,19,10,352137.9022811585,1.100441562990254
S3 downsell,0,nothing,0.0,0.0,0.0,0,0,0,0.0,
S3 downsell,0,oracle,4526685.835387779,4626617.835387779,99932.0,9332,0,10,0.0,
S3 downsell,1,agent,3223119.5413780375,3291979.5413780375,68860.0,10663,19,10,-268807.5593203746,
S3 downsell,1,noexp,3848092.1749648536,3946672.1749648536,98580.0,4680,0,7,0.0,
S3 downsell,1,template,-1101025.8308814964,-1051409.8308814964,49616.0,12404,6,4,-254221.64505898525,
S3 downsell,1,confirm,3559074.8981535956,3658188.8981535956,99114.0,11782,19,10,343107.97350110766,
S3 downsell,1,slope,3571129.126557521,3670765.126557521,99636.0,11802,19,10,343107.97350110766,1.1575565790271698
S3 downsell,1,nothing,0.0,0.0,0.0,0,0,0,0.0,
S3 downsell,1,oracle,4526685.835387779,4626617.835387779,99932.0,9332,0,10,0.0,
S3 downsell,2,agent,2531420.0589488316,2594952.0589488316,63532.0,14443,19,10,-211747.16456972546,
S3 downsell,2,noexp,3848092.1749648536,3946672.1749648536,98580.0,4680,0,7,0.0,
S3 downsell,2,template,-618213.4058012785,-587501.4058012785,30712.0,7678,6,3,-256575.93355649378,
S3 downsell,2,confirm,2917425.011996297,3005195.011996297,87770.0,13757,19,10,333998.78650026966,
S3 downsell,2,slope,2995171.9958481677,3087845.9958481677,92674.0,13741,19,10,333998.78650026966,1.1409883975399566
S3 downsell,2,nothing,0.0,0.0,0.0,0,0,0,0.0,
S3 downsell,2,oracle,4526685.835387779,4626617.835387779,99932.0,9332,0,10,0.0,
S3 downsell,3,agent,3400474.2256402653,3497360.2256402653,96886.0,9700,19,8,-245495.26919016006,
S3 downsell,3,noexp,3848092.1749648536,3946672.1749648536,98580.0,4680,0,7,0.0,
S3 downsell,3,template,-258921.96197094626,-255321.96197094626,3600.0,900,6,0,-258921.96197094626,
S3 downsell,3,confirm,2489212.567257625,2585884.567257625,96672.0,11478,19,9,344893.894371046,
S3 downsell,3,slope,2415309.4081056844,2505931.4081056844,90622.0,11478,19,8,344893.894371046,0.8114688795954714
S3 downsell,3,nothing,0.0,0.0,0.0,0,0,0,0.0,
S3 downsell,3,oracle,4526685.835387779,4626617.835387779,99932.0,9332,0,10,0.0,
S3 downsell,4,agent,1490548.1693637616,1555536.1693637616,64988.0,14843,19,10,-213621.5021962789,
S3 downsell,4,noexp,3848092.1749648536,3946672.1749648536,98580.0,4680,0,7,0.0,
S3 downsell,4,template,-1932099.5804436603,-1908267.5804436603,23832.0,5958,6,2,-251738.01640511779,
S3 downsell,4,confirm,2889174.823888165,2987052.823888165,97878.0,14813,19,9,341244.4952967021,
S3 downsell,4,slope,2947370.564030532,3047324.564030532,99954.0,14904,19,10,341244.4952967021,1.0454950768360831
S3 downsell,4,nothing,0.0,0.0,0.0,0,0,0,0.0,
S3 downsell,4,oracle,4526685.835387779,4626617.835387779,99932.0,9332,0,10,0.0,
S3 downsell,5,agent,2281914.1982981516,2379218.1982981516,97304.0,14444,19,10,-213261.76378988934,
S3 downsell,5,noexp,3848092.1749648536,3946672.1749648536,98580.0,4680,0,7,0.0,
S3 downsell,5,template,-608633.2802298032,-586353.2802298032,22280.0,5570,6,2,-255650.02227223865,
S3 downsell,5,confirm,3037550.3784666015,3115708.3784666015,78158.0,14282,19,10,330396.3038572752,
S3 downsell,5,slope,3034194.773616353,3111958.773616353,77764.0,14282,19,10,330396.3038572752,0.881165974935238
S3 downsell,5,nothing,0.0,0.0,0.0,0,0,0,0.0,
S3 downsell,5,oracle,4526685.835387779,4626617.835387779,99932.0,9332,0,10,0.0,
S3 downsell,6,agent,352783.2043262584,432451.2043262584,79668.0,10596,19,10,-206716.17672245682,
S3 downsell,6,noexp,3848092.1749648536,3946672.1749648536,98580.0,4680,0,7,0.0,
S3 downsell,6,template,-731703.7405937613,-693887.7405937613,37816.0,9454,6,3,-252502.51706695868,
S3 downsell,6,confirm,2546660.0432715854,2619980.0432715854,73320.0,9435,19,9,324368.2778540804,
S3 downsell,6,slope,2643428.51421781,2721610.51421781,78182.0,9515,19,9,324368.2778540804,0.9631886851408312
S3 downsell,6,nothing,0.0,0.0,0.0,0,0,0,0.0,
S3 downsell,6,oracle,4526685.835387779,4626617.835387779,99932.0,9332,0,10,0.0,
S3 downsell,7,agent,2882985.101756661,2939411.101756661,56426.0,12650,19,9,-274408.45814968087,
S3 downsell,7,noexp,3848092.1749648536,3946672.1749648536,98580.0,4680,0,7,0.0,
S3 downsell,7,template,-750620.423745499,-719684.423745499,30936.0,7734,6,2,-258569.597817815,
S3 downsell,7,confirm,3395273.007987519,3493985.007987519,98712.0,7979,19,7,341967.2733457718,
S3 downsell,7,slope,3549635.200115314,3649015.200115314,99380.0,8429,19,10,341967.2733457718,0.9494592905387498
S3 downsell,7,nothing,0.0,0.0,0.0,0,0,0,0.0,
S3 downsell,7,oracle,4526685.835387779,4626617.835387779,99932.0,9332,0,10,0.0,
S3 downsell,8,agent,3083844.8712351737,3181466.8712351737,97622.0,13412,19,10,-214589.87955984345,
S3 downsell,8,noexp,3848092.1749648536,3946672.1749648536,98580.0,4680,0,7,0.0,
S3 downsell,8,template,-252386.0915752009,-233474.0915752009,18912.0,4728,6,2,-264065.26878754224,
S3 downsell,8,confirm,2493409.6250487333,2567403.6250487333,73994.0,14668,19,10,338712.22352765076,
S3 downsell,8,slope,2456912.371224847,2556894.371224847,99982.0,13037,19,10,338712.22352765076,0.790460678062883
S3 downsell,8,nothing,0.0,0.0,0.0,0,0,0,0.0,
S3 downsell,8,oracle,4526685.835387779,4626617.835387779,99932.0,9332,0,10,0.0,
S3 downsell,9,agent,2739793.9720417834,2836381.9720417834,96588.0,14382,19,10,-263546.97673988884,
S3 downsell,9,noexp,3848092.1749648536,3946672.1749648536,98580.0,4680,0,7,0.0,
S3 downsell,9,template,-1113220.1167834809,-1070484.1167834809,42736.0,10684,6,3,-263313.1916969059,
S3 downsell,9,confirm,1751458.6240382697,1828402.6240382697,76944.0,14961,19,10,329861.08808233344,
S3 downsell,9,slope,1776690.3168068773,1869482.3168068773,92792.0,14834,19,10,329861.08808233344,0.8857344736748529
S3 downsell,9,nothing,0.0,0.0,0.0,0,0,0,0.0,
S3 downsell,9,oracle,4526685.835387779,4626617.835387779,99932.0,9332,0,10,0.0,
S4 reversed,0,agent,-171359.99476405937,-73935.99476405936,97424.0,11861,19,10,-538919.4565516552,
S4 reversed,0,noexp,629038.5454416091,727618.5454416091,98580.0,4680,0,7,0.0,
S4 reversed,0,template,-183059.893921914,-171027.893921914,12032.0,3008,6,1,-233561.36874157243,
S4 reversed,0,confirm,653567.4032358115,752117.4032358115,98550.0,8029,19,10,-504001.42294537893,
S4 reversed,0,slope,51387.001283219404,135243.0012832194,83856.0,6879,19,2,-504001.42294537893,-0.01049764691308916
S4 reversed,0,nothing,0.0,0.0,0.0,0,0,0,0.0,
S4 reversed,0,oracle,3166221.1660549147,3217007.1660549147,50786.0,9516,0,10,0.0,
S4 reversed,1,agent,19509.94358246158,118137.94358246158,98628.0,11421,19,10,-644863.3281168619,
S4 reversed,1,noexp,629038.5454416091,727618.5454416091,98580.0,4680,0,7,0.0,
S4 reversed,1,template,-653852.7814078906,-604236.7814078906,49616.0,12404,6,4,-229184.8075985422,
S4 reversed,1,confirm,155025.25506835151,251013.25506835151,95988.0,8781,19,9,-505247.71056545846,
S4 reversed,1,slope,-444178.9111889706,-365864.9111889706,78314.0,7631,19,3,-505247.71056545846,0.04638031086486736
S4 reversed,1,nothing,0.0,0.0,0.0,0,0,0,0.0,
S4 reversed,1,oracle,3166221.1660549147,3217007.1660549147,50786.0,9516,0,10,0.0,
S4 reversed,2,agent,46678.97504557244,121586.97504557244,74908.0,14785,19,10,-525631.5758884927,
S4 reversed,2,noexp,629038.5454416091,727618.5454416091,98580.0,4680,0,7,0.0,
S4 reversed,2,template,-416619.97699120734,-377475.97699120734,39144.0,9786,6,4,-229711.6949689546,
S4 reversed,2,confirm,-1060048.8151007458,-983874.8151007459,76174.0,13168,19,10,-544489.0991024927,
S4 reversed,2,slope,-2069195.433942886,-2020947.433942886,48248.0,13782,19,5,-544489.0991024927,0.03193002723611297
S4 reversed,2,nothing,0.0,0.0,0.0,0,0,0,0.0,
S4 reversed,2,oracle,3166221.1660549147,3217007.1660549147,50786.0,9516,0,10,0.0,
S4 reversed,3,agent,38948.970153056376,135706.97015305638,96758.0,9700,19,9,-538663.1322877343,
S4 reversed,3,noexp,629038.5454416091,727618.5454416091,98580.0,4680,0,7,0.0,
S4 reversed,3,template,-234742.23883891187,-231142.23883891187,3600.0,900,6,0,-234742.23883891187,
S4 reversed,3,confirm,453820.80606380955,540412.8060638095,86592.0,6884,19,9,-486154.99532551767,
S4 reversed,3,slope,-138360.23009716466,-79694.23009716466,58666.0,5734,19,2,-486154.99532551767,-0.3012299334062881
S4 reversed,3,nothing,0.0,0.0,0.0,0,0,0,0.0,
S4 reversed,3,oracle,3166221.1660549147,3217007.1660549147,50786.0,9516,0,10,0.0,
S4 reversed,4,agent,-893741.5915024949,-796655.5915024949,97086.0,14814,19,10,-522613.62576731376,
S4 reversed,4,noexp,629038.5454416091,727618.5454416091,98580.0,4680,0,7,0.0,
S4 reversed,4,template,-2538038.149791986,-2514206.149791986,23832.0,5958,6,2,-228746.96379442528,
S4 reversed,4,confirm,-814719.0104256618,-721263.0104256618,93456.0,13674,19,10,-502993.11722667486,
S4 reversed,4,slope,-1332879.4231463391,-1249023.4231463391,83856.0,12568,19,4,-502993.11722667486,-0.06568119132621919
S4 reversed,4,nothing,0.0,0.0,0.0,0,0,0,0.0,
S4 reversed,4,oracle,3166221.1660549147,3217007.1660549147,50786.0,9516,0,10,0.0,
S4 reversed,5,agent,249811.54475446604,347705.54475446604,97894.0,13038,19,9,-558114.1461544081,
S4 reversed,5,noexp,629038.5454416091,727618.5454416091,98580.0,4680,0,7,0.0,
S4 reversed,5,template,-453600.4633952916,-431320.4633952916,22280.0,5570,6,2,-232325.37655140698,
S4 reversed,5,confirm,84877.95717507502,178461.95717507502,93584.0,8827,19,7,-545739.7202742861,
S4 reversed,5,slope,-433282.4555456025,-349298.4555456025,83984.0,7721,19,2,-545739.7202742861,-0.23461240910541262
S4 reversed,5,nothing,0.0,0.0,0.0,0,0,0,0.0,
S4 reversed,5,oracle,3166221.1660549147,3217007.1660549147,50786.0,9516,0,10,0.0,
S4 reversed,6,agent,-1050222.7783104307,-966532.7783104306,83690.0,14996,19,10,-470258.3019231046,
S4 reversed,6,noexp,629038.5454416091,727618.5454416091,98580.0,4680,0,7,0.0,
S4 reversed,6,template,-471656.81126355764,-433840.81126355764,37816.0,9454,6,3,-226305.49623718613,
S4 reversed,6,confirm,-237611.05761464656,-139069.05761464656,98542.0,8234,19,9,-541504.6280464473,
S4 reversed,6,slope,-757471.2391079344,-669105.2391079344,88366.0,7084,19,2,-541504.6280464473,-0.1488283591077584
S4 reversed,6,nothing,0.0,0.0,0.0,0,0,0,0.0,
S4 reversed,6,oracle,3166221.1660549147,3217007.1660549147,50786.0,9516,0,10,0.0,
S4 reversed,7,agent,32654.345205821563,132432.34520582156,99778.0,13006,19,9,-524222.08696877386,
S4 reversed,7,noexp,629038.5454416091,727618.5454416091,98580.0,4680,0,7,0.0,
S4 reversed,7,template,-436367.2215316013,-405431.2215316013,30936.0,7734,6,2,-236624.13289129813,
S4 reversed,7,confirm,511713.67396630195,576895.673966302,65182.0,5877,19,7,-496257.706862422,
S4 reversed,7,slope,-96537.54316419933,-59057.54316419934,37480.0,4771,19,1,-496257.706862422,-0.1598932690274222
S4 reversed,7,nothing,0.0,0.0,0.0,0,0,0,0.0,
S4 reversed,7,oracle,3166221.1660549147,3217007.1660549147,50786.0,9516,0,10,0.0,
S4 reversed,8,agent,324923.8685039546,422817.8685039546,97894.0,13038,19,9,-483379.07784998516,
S4 reversed,8,noexp,629038.5454416091,727618.5454416091,98580.0,4680,0,7,0.0,
S4 reversed,8,template,-232599.002655331,-213687.002655331,18912.0,4728,6,2,-237695.34373670543,
S4 reversed,8,confirm,-143825.7424965569,-66057.74249655688,77768.0,9913,19,9,-583198.0799969118,
S4 reversed,8,slope,-618336.5272267959,-545164.5272267959,73172.0,8807,19,2,-583198.0799969118,-0.32341647340318763
S4 reversed,8,nothing,0.0,0.0,0.0,0,0,0,0.0,
S4 reversed,8,oracle,3166221.1660549147,3217007.1660549147,50786.0,9516,0,10,0.0,
S4 reversed,9,agent,-209636.31059267122,-109738.31059267122,99898.0,12771,19,10,-601543.9659378368,
S4 reversed,9,noexp,629038.5454416091,727618.5454416091,98580.0,4680,0,7,0.0,
S4 reversed,9,template,-607555.5351109031,-564819.5351109031,42736.0,10684,6,3,-235822.25906791963,
S4 reversed,9,confirm,-275613.22392611194,-177353.22392611194,98260.0,11590,19,10,-506656.96242427715,
S4 reversed,9,slope,-1564916.7899987,-1470056.7899987,94860.0,14498,19,6,-506656.96242427715,-0.22519872798439375
S4 reversed,9,nothing,0.0,0.0,0.0,0,0,0,0.0,
S4 reversed,9,oracle,3166221.1660549147,3217007.1660549147,50786.0,9516,0,10,0.0,
S5 permuted,0,agent,4023075.7916411357,4093925.7916411357,70850.0,14036,19,10,11764.945930535589,
S5 permuted,0,noexp,2144076.801752216,2242656.801752216,98580.0,4680,0,7,0.0,
S5 permuted,0,template,14430533.177844087,14450997.177844087,20464.0,5116,6,2,875392.3302140532,
S5 permuted,0,confirm,4173857.79273736,4235603.79273736,61746.0,11382,19,10,309355.0586381838,
S5 permuted,0,slope,3814275.4240965173,3866879.4240965173,52604.0,10272,19,5,309355.0586381838,0.3483701070597692
S5 permuted,0,nothing,0.0,0.0,0.0,0,0,0,0.0,
S5 permuted,0,oracle,25224197.49364163,25224197.49364163,0.0,14179,0,10,0.0,
S5 permuted,1,agent,1940921.0359819126,2034819.0359819126,93898.0,13669,19,10,69402.27362816798,
S5 permuted,1,noexp,2144076.801752216,2242656.801752216,98580.0,4680,0,7,0.0,
S5 permuted,1,template,14090083.578659631,14148131.578659631,58048.0,14512,6,5,876904.2962408508,
S5 permuted,1,confirm,4852804.241086781,4933176.241086781,80372.0,14032,19,10,236103.28560689505,
S5 permuted,1,slope,4471977.320602196,4541933.320602196,69956.0,13150,19,6,236103.28560689505,0.4045818540629996
S5 permuted,1,nothing,0.0,0.0,0.0,0,0,0,0.0,
S5 permuted,1,oracle,25224197.49364163,25224197.49364163,0.0,14179,0,10,0.0,
S5 permuted,2,agent,2106057.0277348375,2166205.0277348375,60148.0,14776,19,10,9354.906393284917,
S5 permuted,2,noexp,2144076.801752216,2242656.801752216,98580.0,4680,0,7,0.0,
S5 permuted,2,template,14335748.383076314,14374892.383076314,39144.0,9786,6,4,876001.6086554942,
S5 permuted,2,confirm,5732104.295975671,5828230.295975671,96126.0,14919,19,10,229391.25791398846,
S5 permuted,2,slope,5369398.392793467,5467208.392793467,97810.0,14809,19,10,229391.25791398846,0.388219378554156
S5 permuted,2,nothing,0.0,0.0,0.0,0,0,0,0.0,
S5 permuted,2,oracle,25224197.49364163,25224197.49364163,0.0,14179,0,10,0.0,
S5 permuted,3,agent,3796311.4519582638,3880013.4519582638,83702.0,14936,19,10,26945.785208203306,
S5 permuted,3,noexp,2144076.801752216,2242656.801752216,98580.0,4680,0,7,0.0,
S5 permuted,3,template,14435164.162214402,14447196.162214402,12032.0,3008,6,1,870043.3336392406,
S5 permuted,3,confirm,5277933.6950866915,5366955.6950866915,89022.0,13199,19,10,246861.9369935642,
S5 permuted,3,slope,5301245.112874832,5385347.112874832,84102.0,13813,19,5,246861.9369935642,0.056934249267157816
S5 permuted,3,nothing,0.0,0.0,0.0,0,0,0,0.0,
S5 permuted,3,oracle,25224197.49364163,25224197.49364163,0.0,14179,0,10,0.0,
S5 permuted,4,agent,4663562.708858543,4727534.708858543,63972.0,14940,19,10,25782.55507129561,
S5 permuted,4,noexp,2144076.801752216,2242656.801752216,98580.0,4680,0,7,0.0,
S5 permuted,4,template,14429207.715448283,14449671.715448283,20464.0,5116,6,2,846051.4396609159,
S5 permuted,4,confirm,4641767.405668618,4711503.405668618,69736.0,12755,19,10,219674.74434022215,
S5 permuted,4,slope,4238295.467647534,4303111.467647534,64816.0,12608,19,5,219674.74434022215,0.292520351871913
S5 permuted,4,nothing,0.0,0.0,0.0,0,0,0,0.0,
S5 permuted,4,oracle,25224197.49364163,25224197.49364163,0.0,14179,0,10,0.0,
S5 permuted,5,agent,2449874.2643346097,2548768.2643346097,98894.0,14669,19,10,11895.489505333979,
S5 permuted,5,noexp,2144076.801752216,2242656.801752216,98580.0,4680,0,7,0.0,
S5 permuted,5,template,14344516.44932729,14375228.44932729,30712.0,7678,6,3,843795.4633016775,
S5 permuted,5,confirm,3921967.5080229794,4017849.5080229794,95882.0,11762,19,10,236938.1005089457,
S5 permuted,5,slope,4740294.556341309,4832754.556341309,92460.0,14169,19,6,236938.1005089457,0.12819124997106782
S5 permuted,5,nothing,0.0,0.0,0.0,0,0,0,0.0,
S5 permuted,5,oracle,25224197.49364163,25224197.49364163,0.0,14179,0,10,0.0,
S5 permuted,6,agent,766208.9459788308,861022.9459788308,94814.0,14942,19,10,28851.925609850347,
S5 permuted,6,noexp,2144076.801752216,2242656.801752216,98580.0,4680,0,7,0.0,
S5 permuted,6,template,14241203.10351954,14287451.10351954,46248.0,11562,6,4,872019.0226517685,
S5 permuted,6,confirm,5293361.740170328,5369629.740170328,76268.0,14344,19,10,232394.97269963636,
S5 permuted,6,slope,4972652.191644654,5044000.191644654,71348.0,13238,19,4,232394.97269963636,0.21333439622655279
S5 permuted,6,nothing,0.0,0.0,0.0,0,0,0,0.0,
S5 permuted,6,oracle,25224197.49364163,25224197.49364163,0.0,14179,0,10,0.0,
S5 permuted,7,agent,2300708.918991334,2398462.918991334,97754.0,9566,19,10,83350.68795807875,
S5 permuted,7,noexp,2144076.801752216,2242656.801752216,98580.0,4680,0,7,0.0,
S5 permuted,7,template,14175694.891437715,14215062.891437715,39368.0,9842,6,3,833616.1216759891,
S5 permuted,7,confirm,5663652.011605155,5735646.011605155,71994.0,13956,19,10,209781.03444916004,
S5 permuted,7,slope,5342668.421832012,5405584.421832012,62916.0,12850,19,4,209781.03444916004,0.19830827417070998
S5 permuted,7,nothing,0.0,0.0,0.0,0,0,0,0.0,
S5 permuted,7,oracle,25224197.49364163,25224197.49364163,0.0,14179,0,10,0.0,
S5 permuted,8,agent,2920079.513947929,3009959.513947929,89880.0,14726,19,10,88590.24638178588,
S5 permuted,8,noexp,2144076.801752216,2242656.801752216,98580.0,4680,0,7,0.0,
S5 permuted,8,template,14478253.4496435,14505597.4496435,27344.0,6836,6,3,903842.4348858052,
S5 permuted,8,confirm,4452076.207309201,4532764.207309201,80688.0,14979,19,10,236301.3223163744,
S5 permuted,8,slope,4203921.325499698,4280537.325499698,76616.0,14555,19,4,236301.3223163744,0.03934375178656024
S5 permuted,8,nothing,0.0,0.0,0.0,0,0,0,0.0,
S5 permuted,8,oracle,25224197.49364163,25224197.49364163,0.0,14179,0,10,0.0,
S5 permuted,9,agent,2954094.6764405086,3041670.6764405086,87576.0,14405,19,10,-86602.31447826482,
S5 permuted,9,noexp,2144076.801752216,2242656.801752216,98580.0,4680,0,7,0.0,
S5 permuted,9,template,14037000.48216193,14088168.48216193,51168.0,12792,6,4,899893.194631203,
S5 permuted,9,confirm,3000446.7236620844,3076490.7236620844,76044.0,14288,19,10,220745.28580264232,
S5 permuted,9,slope,2672213.146307817,2743337.146307817,71124.0,14145,19,5,220745.28580264232,0.13296545468905216
S5 permuted,9,nothing,0.0,0.0,0.0,0,0,0,0.0,
S5 permuted,9,oracle,25224197.49364163,25224197.49364163,0.0,14179,0,10,0.0,
S6 conv x3,0,agent,12629820.605232082,12729640.605232082,99820.0,10663,19,10,23364.061837025532,
S6 conv x3,0,noexp,11389846.409176808,11488426.409176808,98580.0,4680,0,7,0.0,
S6 conv x3,0,template,-277684.06525379466,-265652.06525379466,12032.0,3008,6,1,-363424.145971504,
S6 conv x3,0,confirm,13236031.900085222,13332971.900085222,96940.0,13335,19,10,1921207.4784707571,
S6 conv x3,0,slope,14108170.511501208,14194056.511501208,85886.0,11657,19,10,1921207.4784707571,3.0
S6 conv x3,0,nothing,0.0,0.0,0.0,0,0,0,0.0,
S6 conv x3,0,oracle,17342476.32474719,17431990.32474719,89514.0,13189,0,10,0.0,
S6 conv x3,1,agent,12805375.670680583,12895961.670680583,90586.0,10070,19,10,3966.0346735478197,
S6 conv x3,1,noexp,11389846.409176808,11488426.409176808,98580.0,4680,0,7,0.0,
S6 conv x3,1,template,-1629379.3370316462,-1579763.3370316462,49616.0,12404,6,4,-355002.66044626106,
S6 conv x3,1,confirm,12931591.370171346,13027319.370171346,95728.0,11423,19,10,1963612.427772853,
S6 conv x3,1,slope,14345816.923915045,14427184.923915045,81368.0,12121,19,10,1963612.427772853,3.0
S6 conv x3,1,nothing,0.0,0.0,0.0,0,0,0,0.0,
S6 conv x3,1,oracle,17342476.32474719,17431990.32474719,89514.0,13189,0,10,0.0,
S6 conv x3,2,agent,8667254.407335943,8752232.407335943,84978.0,12834,19,10,-92628.39681172252,
S6 conv x3,2,noexp,11389846.409176808,11488426.409176808,98580.0,4680,0,7,0.0,
S6 conv x3,2,template,-930192.9237815959,-899480.9237815959,30712.0,7678,6,3,-356730.3424381318,
S6 conv x3,2,confirm,12198801.481987068,12297991.481987068,99190.0,12404,19,10,1857960.3939522556,
S6 conv x3,2,slope,12699426.111565003,12790280.111565003,90854.0,11225,19,10,1857960.3939522556,3.0
S6 conv x3,2,nothing,0.0,0.0,0.0,0,0,0,0.0,
S6 conv x3,2,oracle,17342476.32474719,17431990.32474719,89514.0,13189,0,10,0.0,
S6 conv x3,3,agent,13228292.408183247,13325178.408183247,96886.0,12178,19,10,13409.863640310054,
S6 conv x3,3,noexp,11389846.409176808,11488426.409176808,98580.0,4680,0,7,0.0,
S6 conv x3,3,template,-361072.91670176195,-357472.91670176195,3600.0,900,6,0,-361072.91670176195,
S6 conv x3,3,confirm,12515789.64842318,12614341.64842318,98552.0,12745,19,10,1900847.7209352364,
S6 conv x3,3,slope,13568672.520480016,13668382.520480016,99710.0,11612,19,10,1900847.7209352364,3.0
S6 conv x3,3,nothing,0.0,0.0,0.0,0,0,0,0.0,
S6 conv x3,3,oracle,17342476.32474719,17431990.32474719,89514.0,13189,0,10,0.0,
S6 conv x3,4,agent,5556217.049103033,5650823.049103033,94606.0,14980,19,10,-100657.75642005735,
S6 conv x3,4,noexp,11389846.409176808,11488426.409176808,98580.0,4680,0,7,0.0,
S6 conv x3,4,template,-277652.6797377662,-265620.6797377662,12032.0,3008,6,1,-352368.83192655107,
S6 conv x3,4,confirm,10329296.789378196,10419010.789378196,89714.0,12647,19,10,1882433.2735837079,
S6 conv x3,4,slope,11613246.583968095,11711982.583968095,98736.0,13281,19,10,1882433.2735837079,3.0
S6 conv x3,4,nothing,0.0,0.0,0.0,0,0,0,0.0,
S6 conv x3,4,oracle,17342476.32474719,17431990.32474719,89514.0,13189,0,10,0.0,
S6 conv x3,5,agent,8799221.613327116,8899025.613327116,99804.0,14979,19,10,-137195.2781206593,
S6 conv x3,5,noexp,11389846.409176808,11488426.409176808,98580.0,4680,0,7,0.0,
S6 conv x3,5,template,-1005822.7238201643,-983542.7238201643,22280.0,5570,6,2,-357398.04911428364,
S6 conv x3,5,confirm,11897871.575315956,11975801.575315956,77930.0,14282,19,10,1856728.7314069895,
S6 conv x3,5,slope,13570696.018122608,13666026.018122608,95330.0,10652,19,10,1856728.7314069895,3.0
S6 conv x3,5,nothing,0.0,0.0,0.0,0,0,0,0.0,
S6 conv x3,5,oracle,17342476.32474719,17431990.32474719,89514.0,13189,0,10,0.0,
S6 conv x3,6,agent,6744240.833949566,6834974.833949566,90734.0,14357,19,10,-52194.28886418529,
S6 conv x3,6,noexp,11389846.409176808,11488426.409176808,98580.0,4680,0,7,0.0,
S6 conv x3,6,template,-885303.5205745862,-847487.5205745862,37816.0,9454,6,3,-352133.9803550284,
S6 conv x3,6,confirm,11840310.623006744,11935522.623006744,95212.0,12370,19,10,1904439.2197381726,
S6 conv x3,6,slope,13246835.415731471,13346009.415731471,99174.0,12757,19,10,1904439.2197381726,3.0
S6 conv x3,6,nothing,0.0,0.0,0.0,0,0,0,0.0,
S6 conv x3,6,oracle,17342476.32474719,17431990.32474719,89514.0,13189,0,10,0.0,
S6 conv x3,7,agent,11128797.464819867,11195265.464819867,66468.0,14737,19,10,63551.14430422048,
S6 conv x3,7,noexp,11389846.409176808,11488426.409176808,98580.0,4680,0,7,0.0,
S6 conv x3,7,template,-984923.1183652512,-953987.1183652512,30936.0,7734,6,2,-361658.7424903092,
S6 conv x3,7,confirm,13714989.520972647,13814945.520972647,99956.0,11476,19,10,1895340.31016949,
S6 conv x3,7,slope,14324112.364248581,14405480.364248581,81368.0,12121,19,10,1895340.31016949,3.0
S6 conv x3,7,nothing,0.0,0.0,0.0,0,0,0,0.0,
S6 conv x3,7,oracle,17342476.32474719,17431990.32474719,89514.0,13189,0,10,0.0,
S6 conv x3,8,agent,12046749.936275411,12125389.936275411,78640.0,13385,19,10,-124111.7657538742,
S6 conv x3,8,noexp,11389846.409176808,11488426.409176808,98580.0,4680,0,7,0.0,
S6 conv x3,8,template,-191656.35586352804,-172744.35586352804,18912.0,4728,6,2,-367519.96678851324,
S6 conv x3,8,confirm,10715323.193311624,10812741.193311624,97418.0,10220,19,10,1885088.1529847723,
S6 conv x3,8,slope,12489179.881079542,12585713.881079542,96534.0,11043,19,10,1885088.1529847723,3.0
S6 conv x3,8,nothing,0.0,0.0,0.0,0,0,0,0.0,
S6 conv x3,8,oracle,17342476.32474719,17431990.32474719,89514.0,13189,0,10,0.0,
S6 conv x3,9,agent,9543359.34416812,9634299.34416812,90940.0,13087,19,10,-66226.84715002352,
S6 conv x3,9,noexp,11389846.409176808,11488426.409176808,98580.0,4680,0,7,0.0,
S6 conv x3,9,template,-1019552.7150965274,-995720.7150965274,23832.0,5958,6,2,-366785.8159343074,
S6 conv x3,9,confirm,10856822.630701704,10955290.630701704,98468.0,14993,19,10,1854578.779719215,
S6 conv x3,9,slope,12832541.91710253,12906751.91710253,74210.0,10304,19,10,1854578.779719215,3.0
S6 conv x3,9,nothing,0.0,0.0,0.0,0,0,0,0.0,
S6 conv x3,9,oracle,17342476.32474719,17431990.32474719,89514.0,13189,0,10,0.0,
S7 sign flip,0,agent,-3687206.810723205,-3607036.810723205,80170.0,14971,19,10,-8750.553966863723,
S7 sign flip,0,noexp,-4888120.255323164,-4789540.255323164,98580.0,4680,0,7,0.0,
S7 sign flip,0,template,1958805.3013075702,1991069.3013075702,32264.0,8066,6,3,138465.47490288963,
S7 sign flip,0,confirm,-2091911.0327842718,-1997871.0327842718,94040.0,8540,19,9,-688196.1241547664,
S7 sign flip,0,slope,-759132.9919123913,-691228.9919123913,67904.0,7490,19,2,-688196.1241547664,-1.0472412907289395
S7 sign flip,0,nothing,0.0,0.0,0.0,0,0,0,0.0,
S7 sign flip,0,oracle,4838956.177691349,4897720.177691349,58764.0,14691,0,10,0.0,
S7 sign flip,1,agent,-3581112.0993821826,-3495380.0993821826,85732.0,11893,19,10,3961.3958689241445,
S7 sign flip,1,noexp,-4888120.255323164,-4789540.255323164,98580.0,4680,0,7,0.0,
S7 sign flip,1,template,2157950.1684038676,2217950.1684038676,60000.0,15000,6,6,137928.36586677894,
S7 sign flip,1,confirm,-1776371.5464289074,-1697747.5464289074,78624.0,6488,19,8,-694813.2655580197,
S7 sign flip,1,slope,-392962.8215550736,-342040.8215550736,50922.0,5382,19,1,-694813.2655580197,-0.9896565080719674
S7 sign flip,1,nothing,0.0,0.0,0.0,0,0,0,0.0,
S7 sign flip,1,oracle,4838956.177691349,4897720.177691349,58764.0,14691,0,10,0.0,
S7 sign flip,2,agent,-1430051.9633373017,-1334537.9633373017,95514.0,13560,19,10,244.55369226961193,
S7 sign flip,2,noexp,-4888120.255323164,-4789540.255323164,98580.0,4680,0,7,0.0,
S7 sign flip,2,template,1908337.3385805525,1959281.3385805525,50944.0,12736,6,5,137859.78453839244,
S7 sign flip,2,confirm,-1895599.8603965524,-1817481.8603965524,78118.0,12550,19,10,-663368.9418709194,
S7 sign flip,2,slope,-469663.68084558425,-393135.68084558425,76528.0,14551,19,5,-663368.9418709194,-1.005779753912887
S7 sign flip,2,nothing,0.0,0.0,0.0,0,0,0,0.0,
S7 sign flip,2,oracle,4838956.177691349,4897720.177691349,58764.0,14691,0,10,0.0,
S7 sign flip,3,agent,-4497766.93183074,-4403060.93183074,94706.0,12296,19,10,-6386.662902046857,
S7 sign flip,3,noexp,-4888120.255323164,-4789540.255323164,98580.0,4680,0,7,0.0,
S7 sign flip,3,template,1966470.6147589013,1990302.6147589013,23832.0,5958,6,2,138630.63209872507,
S7 sign flip,3,confirm,-1201160.6078626395,-1146004.6078626395,55156.0,14108,19,9,-682417.2720805835,
S7 sign flip,3,slope,-272160.43897305836,-219928.43897305836,52232.0,13058,19,2,-682417.2720805835,-1.335999844094231
S7 sign flip,3,nothing,0.0,0.0,0.0,0,0,0,0.0,
S7 sign flip,3,oracle,4838956.177691349,4897720.177691349,58764.0,14691,0,10,0.0,
S7 sign flip,4,agent,-2564217.8487281674,-2502309.8487281674,61908.0,14892,19,10,4481.979845691836,
S7 sign flip,4,noexp,-4888120.255323164,-4789540.255323164,98580.0,4680,0,7,0.0,
S7 sign flip,4,template,1958330.2545468917,1990594.2545468917,32264.0,8066,6,3,136448.4291572073,
S7 sign flip,4,confirm,-1486803.221004704,-1437695.221004704,49108.0,14178,19,10,-677232.9584633549,
S7 sign flip,4,slope,-556165.4249172625,-506129.4249172626,50036.0,14142,19,6,-677232.9584633549,-1.10074598743999
S7 sign flip,4,nothing,0.0,0.0,0.0,0,0,0,0.0,
S7 sign flip,4,oracle,4838956.177691349,4897720.177691349,58764.0,14691,0,10,0.0,
S7 sign flip,5,agent,-3997964.3803645247,-3924326.3803645247,73638.0,14796,19,10,1061.2687495725386,
S7 sign flip,5,noexp,-4888120.255323164,-4789540.255323164,98580.0,4680,0,7,0.0,
S7 sign flip,5,template,1916433.2723295758,1958945.2723295758,42512.0,10628,6,4,137588.90258942958,
S7 sign flip,5,confirm,-1833127.6690184767,-1744825.6690184767,88302.0,14108,19,10,-663389.4443290997,
S7 sign flip,5,slope,-818729.3279080188,-719929.3279080188,98800.0,13058,19,3,-663389.4443290997,-1.2663862265051955
S7 sign flip,5,nothing,0.0,0.0,0.0,0,0,0,0.0,
S7 sign flip,5,oracle,4838956.177691349,4897720.177691349,58764.0,14691,0,10,0.0,
S7 sign flip,6,agent,-2497783.8277974147,-2418407.8277974147,79376.0,14993,19,10,624.2969560518268,
S7 sign flip,6,noexp,-4888120.255323164,-4789540.255323164,98580.0,4680,0,7,0.0,
S7 sign flip,6,template,1197931.0362650636,1244179.0362650636,46248.0,11562,6,4,137489.51126662723,
S7 sign flip,6,confirm,-1916948.6952947895,-1835938.6952947895,81010.0,6907,19,8,-680389.3799759464,
S7 sign flip,6,slope,-680620.3525281713,-619248.3525281713,61372.0,5857,19,1,-680389.3799759464,-1.1835083923232728
S7 sign flip,6,nothing,0.0,0.0,0.0,0,0,0,0.0,
S7 sign flip,6,oracle,4838956.177691349,4897720.177691349,58764.0,14691,0,10,0.0,
S7 sign flip,7,agent,-3424418.9898372227,-3328202.9898372227,96216.0,10930,19,9,-13591.294911571149,
S7 sign flip,7,noexp,-4888120.255323164,-4789540.255323164,98580.0,4680,0,7,0.0,
S7 sign flip,7,template,1282901.7603417924,1325637.7603417924,42736.0,10684,6,3,138232.9154627885,
S7 sign flip,7,confirm,-1761341.10433076,-1727507.10433076,33834.0,4629,19,5,-676478.7959207767,
S7 sign flip,7,slope,-556694.2922514044,-541698.2922514044,14996.0,5382,19,1,-676478.7959207767,-1.1980094331509525
S7 sign flip,7,nothing,0.0,0.0,0.0,0,0,0,0.0,
S7 sign flip,7,oracle,4838956.177691349,4897720.177691349,58764.0,14691,0,10,0.0,
S7 sign flip,8,agent,-3737932.0228007566,-3663734.0228007566,74198.0,14999,19,10,3431.2961834283706,
S7 sign flip,8,noexp,-4888120.255323164,-4789540.255323164,98580.0,4680,0,7,0.0,
S7 sign flip,8,template,989990.8472506253,1017334.8472506253,27344.0,6836,6,3,140732.6198843373,
S7 sign flip,8,confirm,-1549329.5286500775,-1455953.5286500775,93376.0,14976,19,10,-697508.2037302221,
S7 sign flip,8,slope,-650557.3432952253,-557821.3432952253,92736.0,14635,19,4,-697508.2037302221,-1.356236399401221
S7 sign flip,8,nothing,0.0,0.0,0.0,0,0,0,0.0,
S7 sign flip,8,oracle,4838956.177691349,4897720.177691349,58764.0,14691,0,10,0.0,
S7 sign flip,9,agent,-3658893.5174999014,-3568767.5174999014,90126.0,12681,19,10,-21.391638959788907,
S7 sign flip,9,noexp,-4888120.255323164,-4789540.255323164,98580.0,4680,0,7,0.0,
S7 sign flip,9,template,1501976.420880929,1553144.420880929,51168.0,12792,6,4,140713.89821521912,
S7 sign flip,9,confirm,-834588.3079274765,-743924.3079274765,90664.0,13834,19,10,-665068.280729283,
S7 sign flip,9,slope,-354879.5103466828,-255757.5103466828,99122.0,14498,19,8,-665068.280729283,-1.2609533828374013
S7 sign flip,9,nothing,0.0,0.0,0.0,0,0,0,0.0,
S7 sign flip,9,oracle,4838956.177691349,4897720.177691349,58764.0,14691,0,10,0.0,
