sc,seed,kind,oracle,net,cost,contacts,n_pil,n_fin,pilot_net,fin_net,slope
S0,0,agent,5422899.914487408,3891540.632937532,93468.0,11910,19,10,5676.61987832337,3788087.573068451,
S0,0,noexp,5422899.914487408,4690960.255323164,98580.0,4680,0,7,0.0,4690960.255323164,
S0,0,template,5422899.914487408,-1019431.0606441048,23832.0,5958,6,2,-141498.35610401942,-1047512.5302454929,
S0,0,confirm,5422899.914487408,4887123.974045424,96508.0,12257,19,10,677207.0871829712,4931999.863038862,
S0,0,slope,5422899.914487408,4567038.361311428,80668.0,11037,19,10,677207.0871829712,4567822.213172376,1.2745645108258974
S0,1,agent,5422899.914487408,4649284.765592365,88174.0,11033,19,10,-8648.198016769264,4643311.510878507,
S0,1,noexp,5422899.914487408,4690960.255323164,98580.0,4680,0,7,0.0,4690960.255323164,
S0,1,template,5422899.914487408,-576203.7790105487,49616.0,12404,6,4,-137665.45439001248,-572603.7790105487,
S0,1,confirm,5422899.914487408,4693004.078894695,94380.0,11782,19,10,689662.8591311532,4644633.274776728,
S0,1,slope,5422899.914487408,4813246.191634002,99636.0,11895,19,10,689662.8591311532,4764875.387516033,1.3313846792450212
S0,2,agent,5422899.914487408,3599243.1393413637,59660.0,14420,19,10,6813.104081155729,3613924.9526086748,
S0,2,noexp,5422899.914487408,4690960.255323164,98580.0,4680,0,7,0.0,4690960.255323164,
S0,2,template,5422899.914487408,-338970.97459386534,39144.0,9786,6,4,-138804.18572747934,-327527.2690370986,
S0,2,confirm,5422899.914487408,4316315.322138732,64304.0,12296,19,10,654411.545470061,4320460.5182892345,
S0,2,slope,5422899.914487408,4421213.211863318,71264.0,12296,19,10,654411.545470061,4425358.408013821,1.315130457967188
S0,3,agent,5422899.914487408,4593846.561218085,96886.0,10070,19,9,-5530.045453229997,4655997.495453242,
S0,3,noexp,5422899.914487408,4690960.255323164,98580.0,4680,0,7,0.0,4690960.255323164,
S0,3,template,5422899.914487408,-140280.93497766246,3600.0,900,6,0,-140280.93497766246,0.0,
S0,3,confirm,5422899.914487408,3864941.5727239177,99564.0,11068,19,10,669050.9697546102,3699056.044079379,
S0,3,slope,5422899.914487408,3864941.5727239177,99564.0,11068,19,10,669050.9697546102,3699056.044079379,0.9842884879286601
S0,4,agent,5422899.914487408,2698553.632572037,64196.0,14996,19,10,5199.263379766231,2670827.08445316,
S0,4,noexp,5422899.914487408,4690960.255323164,98580.0,4680,0,7,0.0,4690960.255323164,
S0,4,template,5422899.914487408,-1019236.6714434463,23832.0,5958,6,2,-136493.7807136342,-1047512.5302454929,
S0,4,confirm,5422899.914487408,4097048.140542174,92730.0,14840,19,10,663106.6182739281,4118871.5366831888,
S0,4,slope,5422899.914487408,4264155.456232695,99932.0,14983,19,10,663106.6182739281,4285978.85237371,1.2195281184634506
S0,5,agent,5422899.914487408,3444820.051116503,98096.0,14480,19,10,5751.325525353634,3475683.3912278446,
S0,5,noexp,5422899.914487408,4690960.255323164,98580.0,4680,0,7,0.0,4690960.255323164,
S0,5,template,5422899.914487408,-366963.8866435362,22280.0,5570,6,2,-138368.99507490936,-290627.79059913923,
S0,5,confirm,5422899.914487408,4545368.678010012,95734.0,14299,19,10,654245.8865925785,4538034.305448605,
S0,5,slope,5422899.914487408,4575363.139552996,97470.0,14283,19,10,654245.8865925785,4568019.652479963,1.0551990165626053
S0,6,agent,5422899.914487408,1214595.6207237637,65420.0,14942,19,10,8729.489811172043,1128356.3549211523,
S0,6,noexp,5422899.914487408,4690960.255323164,98580.0,4680,0,7,0.0,4690960.255323164,
S0,6,template,5422899.914487408,-320311.8401915287,37816.0,9454,6,3,-136859.1419700034,-253935.83040411395,
S0,6,confirm,5422899.914487408,3590223.3895137063,74516.0,14284,19,10,670420.0474515174,3431368.1373571814,
S0,6,slope,5422899.914487408,3661511.455351717,80762.0,9638,19,10,670420.0474515174,3492023.408444425,1.1380872366174897
S0,7,agent,5422899.914487408,3349092.7930510184,96216.0,13038,19,10,11183.714768073474,3323336.011593695,
S0,7,noexp,5422899.914487408,4690960.255323164,98580.0,4680,0,7,0.0,4690960.255323164,
S0,7,template,5422899.914487408,-348931.70612175035,30936.0,7734,6,2,-140057.71709183563,-281975.98841140943,
S0,7,confirm,5422899.914487408,4771307.744251508,99380.0,9699,19,9,666221.6662313892,4792840.768755347,
S0,7,slope,5422899.914487408,4591664.957960017,99380.0,8449,19,10,666221.6662313892,4568883.226130883,1.1237093426461422
S0,8,agent,5422899.914487408,4118278.443606548,85726.0,13183,19,10,4549.936279276837,4187758.0869964454,
S0,8,noexp,5422899.914487408,4690960.255323164,98580.0,4680,0,7,0.0,4690960.255323164,
S0,8,template,5422899.914487408,-76493.45195450934,18912.0,4728,6,2,-142963.67254887303,-427.32043066382903,
S0,8,confirm,5422899.914487408,3727613.75815325,73034.0,12953,19,10,664114.4595050297,3705872.8816495426,
S0,8,slope,5422899.914487408,3727613.75815325,73034.0,12953,19,10,664114.4595050297,3705872.8816495426,0.9663515183780979
S0,9,agent,5422899.914487408,3972591.5470670825,96412.0,14302,19,10,-32075.615716674518,3987986.934618955,
S0,9,noexp,5422899.914487408,4690960.255323164,98580.0,4680,0,7,0.0,4690960.255323164,
S0,9,template,5422899.914487408,-601537.532706727,42736.0,10684,6,3,-142714.1525076577,-600643.9370178442,
S0,9,confirm,5422899.914487408,2760603.109536932,72624.0,14934,19,10,653476.9569629508,2546992.434195078,
S0,9,slope,5422899.914487408,2766411.902364812,60512.0,12803,19,10,653476.9569629508,2558023.023857032,1.0598765341020842
S2,0,agent,10917278.524832455,9321679.952082647,88174.0,13741,19,10,26347.04507605839,9377806.822164474,
S2,0,noexp,10917278.524832455,9480500.510646328,98580.0,4680,0,7,0.0,9480500.510646328,
S2,0,template,10917278.524832455,-189133.37683586305,12032.0,3008,6,1,-279396.71220803884,-48502.956875918644,
S2,0,confirm,10917278.524832455,9923641.044471772,95932.0,12370,19,10,1369410.1743659424,9998396.822458649,
S2,0,slope,10917278.524832455,9834717.438253831,79546.0,12370,19,10,1369410.1743659424,9901783.34845446,2.435467411603316
S2,1,agent,10917278.524832455,8798499.605266932,90586.0,10663,19,10,-2355.97688430147,8792606.54976671,
S2,1,noexp,10917278.524832455,9480500.510646328,98580.0,4680,0,7,0.0,9480500.510646328,
S2,1,template,10917278.524832455,-1102791.5580210974,49616.0,12404,6,4,-271730.90878002497,-1099191.5580210974,
S2,1,confirm,10917278.524832455,10323896.078924563,99514.0,10649,19,10,1394321.7182623064,10365130.468275612,
S2,1,slope,10917278.524832455,10727298.079683408,81368.0,12121,19,10,1394321.7182623064,10768532.469034458,2.492182493715403
S2,2,agent,10917278.524832455,4008390.381558758,53360.0,11789,19,10,-45749.82664379741,4218000.040848781,
S2,2,noexp,10917278.524832455,9480500.510646328,98580.0,4680,0,7,0.0,9480500.510646328,
S2,2,template,10917278.524832455,-630365.9491877307,30712.0,7678,6,3,-274008.3714549587,-611078.5380741972,
S2,2,confirm,10917278.524832455,9422674.488893004,99090.0,10701,19,10,1323819.090940122,9469053.344493559,
S2,2,slope,10917278.524832455,10216018.809878584,97154.0,11612,19,10,1323819.090940122,10262397.665479138,2.475585563907225
S2,3,agent,10917278.524832455,9284579.12243617,96886.0,10070,19,9,3939.9090935400054,9393880.990906484,
S2,3,noexp,10917278.524832455,9480500.510646328,98580.0,4680,0,7,0.0,9480500.510646328,
S2,3,template,10917278.524832455,-276961.8699553249,3600.0,900,6,0,-276961.8699553249,0.0,
S2,3,confirm,10917278.524832455,10030989.622204036,99128.0,12745,19,10,1353097.9395092204,10011306.790805291,
S2,3,slope,10917278.524832455,10327833.026469301,99710.0,11612,19,10,1353097.9395092204,10372010.006327271,2.1451313693624012
S2,4,agent,10917278.524832455,3605667.9346039034,81572.0,14948,19,10,23871.92964680762,3691596.197104831,
S2,4,noexp,10917278.524832455,9480500.510646328,98580.0,4680,0,7,0.0,9480500.510646328,
S2,4,template,10917278.524832455,-2014641.3428868926,23832.0,5958,6,2,-269387.5614272684,-2074793.0604909859,
S2,4,confirm,10917278.524832455,8127851.4889250435,83070.0,14781,19,10,1341209.2365478561,8148014.672045192,
S2,4,slope,10917278.524832455,9027316.610526275,99990.0,13310,19,10,1341209.2365478561,9022798.247310594,2.3803207399973507
S2,5,agent,10917278.524832455,6099682.408700576,99782.0,14978,19,10,28037.9946834675,6298919.169582451,
S2,5,noexp,10917278.524832455,9480500.510646328,98580.0,4680,0,7,0.0,9480500.510646328,
S2,5,template,10917278.524832455,-711647.7732870724,22280.0,5570,6,2,-273137.9901498187,-562575.5811982785,
S2,5,confirm,10917278.524832455,9016784.827321418,90450.0,14282,19,10,1323487.773185157,8987101.853175351,
S2,5,slope,10917278.524832455,9577484.435970617,98226.0,13212,19,10,1323487.773185157,9602298.954927813,2.2159916380965052
S2,6,agent,10917278.524832455,2494611.2414475274,65420.0,14942,19,10,32458.979622344086,2307132.7098423047,
S2,6,noexp,10917278.524832455,9480500.510646328,98580.0,4680,0,7,0.0,9480500.510646328,
S2,6,template,10917278.524832455,-602807.6803830574,37816.0,9454,6,3,-270118.2839400068,-473655.6608082279,
S2,6,confirm,10917278.524832455,9637539.79143931,96828.0,12370,19,10,1355836.0949030349,9648590.60463086,
S2,6,slope,10917278.524832455,9996774.277277026,98544.0,12045,19,10,1355836.0949030349,9925206.07937948,2.298885051087871
S2,7,agent,10917278.524832455,7364202.389557004,54724.0,14669,19,10,37367.42953614695,7313977.333446092,
S2,7,noexp,10917278.524832455,9480500.510646328,98580.0,4680,0,7,0.0,9480500.510646328,
S2,7,template,10917278.524832455,-666927.4122435007,30936.0,7734,6,2,-276515.43418367126,-536615.9768228189,
S2,7,confirm,10917278.524832455,10304821.311815336,99636.0,10649,19,10,1347439.3324627783,10359480.214622797,
S2,7,slope,10917278.524832455,11053642.597137894,96574.0,12121,19,10,1347439.3324627783,11081712.646145573,2.28456873054469
S2,8,agent,10917278.524832455,8250110.4455400035,85726.0,13183,19,10,-63618.296519552976,8446242.17399289,
S2,8,noexp,10917278.524832455,9480500.510646328,98580.0,4680,0,7,0.0,9480500.510646328,
S2,8,template,10917278.524832455,-134074.90390901867,18912.0,4728,6,2,-282327.34509774606,14457.359138672342,
S2,8,confirm,10917278.524832455,7951740.188816914,86180.0,13055,19,10,1343224.9190100594,7893385.412864989,
S2,8,slope,10917278.524832455,8850531.893026348,99778.0,13600,19,10,1343224.9190100594,8792054.140018933,2.1271441399119984
S2,9,agent,10917278.524832455,4418474.629898203,82254.0,11721,19,10,-49151.231433349036,4437375.910450583,
S2,9,noexp,10917278.524832455,9480500.510646328,98580.0,4680,0,7,0.0,9480500.510646328,
S2,9,template,10917278.524832455,-1160339.065413454,42736.0,10684,6,3,-281828.3050153154,-1162151.8740356883,
S2,9,confirm,10917278.524832455,8393339.683263795,98468.0,14993,19,10,1321949.9139259015,8289540.096974352,
S2,9,slope,10917278.524832455,8272402.038595652,83372.0,14387,19,10,1321949.9139259015,8155194.850256763,2.220331640042122
S4,0,agent,3166221.1660549147,-171359.99476405937,97424.0,11861,19,10,-538919.4565516552,267510.66225005686,
S4,0,noexp,3166221.1660549147,629038.5454416091,98580.0,4680,0,7,0.0,629038.5454416091,
S4,0,template,3166221.1660549147,-183059.893921914,12032.0,3008,6,1,-233561.36874157243,-28467.478437959322,
S4,0,confirm,3166221.1660549147,653567.4032358115,98550.0,8029,19,10,-504001.42294537893,1253821.4198172425,
S4,0,slope,3166221.1660549147,51387.001283219404,83856.0,6879,19,2,-504001.42294537893,651641.0178646503,-0.01049764691308916
S4,1,agent,3166221.1660549147,19509.94358246158,98628.0,11421,19,10,-644863.3281168619,619268.1507166759,
S4,1,noexp,3166221.1660549147,629038.5454416091,98580.0,4680,0,7,0.0,629038.5454416091,
S4,1,template,3166221.1660549147,-653852.7814078906,49616.0,12404,6,4,-229184.8075985422,-650252.7814078906,
S4,1,confirm,3166221.1660549147,155025.25506835151,95988.0,8781,19,9,-505247.71056545846,539441.7630624338,
S4,1,slope,3166221.1660549147,-444178.9111889706,78314.0,7631,19,3,-505247.71056545846,-59762.40319488824,0.04638031086486736
S4,2,agent,3166221.1660549147,46678.97504557244,74908.0,14785,19,10,-525631.5758884927,485430.75783574104,
S4,2,noexp,3166221.1660549147,629038.5454416091,98580.0,4680,0,7,0.0,629038.5454416091,
S4,2,template,3166221.1660549147,-416619.97699120734,39144.0,9786,6,4,-229711.6949689546,-405176.2714344406,
S4,2,confirm,3166221.1660549147,-1060048.8151007458,76174.0,13168,19,10,-544489.0991024927,-737286.1315071702,
S4,2,slope,3166221.1660549147,-2069195.433942886,48248.0,13782,19,5,-544489.0991024927,-1814769.9296818303,0.03193002723611297
S4,3,agent,3166221.1660549147,38948.970153056376,96758.0,9700,19,9,-538663.1322877343,500301.39196962724,
S4,3,noexp,3166221.1660549147,629038.5454416091,98580.0,4680,0,7,0.0,629038.5454416091,
S4,3,template,3166221.1660549147,-234742.23883891187,3600.0,900,6,0,-234742.23883891187,0.0,
S4,4,agent,3166221.1660549147,-893741.5915024949,97086.0,14814,19,10,-522613.62576731376,-630911.6834302328,
S4,4,noexp,3166221.1660549147,629038.5454416091,98580.0,4680,0,7,0.0,629038.5454416091,
S4,4,template,3166221.1660549147,-2538038.149791986,23832.0,5958,6,2,-228746.96379442528,-2641829.643966989,
S4,5,agent,3166221.1660549147,249811.54475446604,97894.0,13038,19,9,-558114.1461544081,805123.5208901205,
S4,5,noexp,3166221.1660549147,629038.5454416091,98580.0,4680,0,7,0.0,629038.5454416091,
S4,5,template,3166221.1660549147,-453600.4633952916,22280.0,5570,6,2,-232325.37655140698,-368276.7929964813,
S4,6,agent,3166221.1660549147,-1050222.7783104307,83690.0,14996,19,10,-470258.3019231046,-847990.3927731824,
S4,6,noexp,3166221.1660549147,629038.5454416091,98580.0,4680,0,7,0.0,629038.5454416091,
S4,6,template,3166221.1660549147,-471656.81126355764,37816.0,9454,6,3,-226305.49623718613,-331584.832801456,
S4,7,agent,3166221.1660549147,32654.345205821563,99778.0,13006,19,9,-524222.08696877386,542303.3654853448,
S4,7,noexp,3166221.1660549147,629038.5454416091,98580.0,4680,0,7,0.0,629038.5454416091,
S4,7,template,3166221.1660549147,-436367.2215316013,30936.0,7734,6,2,-236624.13289129813,-281975.98841140943,
S4,8,agent,3166221.1660549147,324923.8685039546,97894.0,13038,19,9,-483379.07784998516,805123.5208901205,
S4,8,noexp,3166221.1660549147,629038.5454416091,98580.0,4680,0,7,0.0,629038.5454416091,
S4,8,template,3166221.1660549147,-232599.002655331,18912.0,4728,6,2,-237695.34373670543,-78076.32282800587,
S4,9,agent,3166221.1660549147,-209636.31059267122,99898.0,12771,19,10,-601543.9659378368,238446.61723265238,
S4,9,noexp,3166221.1660549147,629038.5454416091,98580.0,4680,0,7,0.0,629038.5454416091,
S4,9,template,3166221.1660549147,-607555.5351109031,42736.0,10684,6,3,-235822.25906791963,-600643.9370178442,
S5,0,agent,25224197.49364163,4023075.7916411357,70850.0,14036,19,10,11764.945930535589,4034635.1857855404,
S5,0,noexp,25224197.49364163,2144076.801752216,98580.0,4680,0,7,0.0,2144076.801752216,
S5,0,template,25224197.49364163,14430533.177844087,20464.0,5116,6,2,875392.3302140532,14607739.20486043,
S5,0,confirm,25224197.49364163,4173857.79273736,61746.0,11382,19,10,309355.0586381838,4381491.643608117,
S5,0,slope,25224197.49364163,3814275.4240965173,52604.0,10272,19,5,309355.0586381838,4021909.274967274,0.3483701070597692
S5,1,agent,25224197.49364163,1940921.0359819126,93898.0,13669,19,10,69402.27362816798,1649945.0014560097,
S5,1,noexp,25224197.49364163,2144076.801752216,98580.0,4680,0,7,0.0,2144076.801752216,
S5,1,template,25224197.49364163,14090083.578659631,58048.0,14512,6,5,876904.2962408508,14093683.578659631,
S5,1,confirm,25224197.49364163,4852804.241086781,80372.0,14032,19,10,236103.28560689505,4948179.627594651,
S5,1,slope,25224197.49364163,4471977.320602196,69956.0,13150,19,6,236103.28560689505,4567352.707110066,0.4045818540629996
S5,2,agent,25224197.49364163,2106057.0277348375,60148.0,14776,19,10,9354.906393284917,2136687.7405542717,
S5,2,noexp,25224197.49364163,2144076.801752216,98580.0,4680,0,7,0.0,2144076.801752216,
S5,2,template,25224197.49364163,14335748.383076314,39144.0,9786,6,4,876001.6086554942,14347192.088633081,
S5,2,confirm,25224197.49364163,5732104.295975671,96126.0,14919,19,10,229391.25791398846,5953565.139216838,
S5,2,slope,25224197.49364163,5369398.392793467,97810.0,14809,19,10,229391.25791398846,5582261.142466673,0.388219378554156
S5,3,agent,25224197.49364163,3796311.4519582638,83702.0,14936,19,10,26945.785208203306,3764447.609972349,
S5,3,noexp,25224197.49364163,2144076.801752216,98580.0,4680,0,7,0.0,2144076.801752216,
S5,3,template,25224197.49364163,14435164.162214402,12032.0,3008,6,1,870043.3336392406,14616171.20486043,
S5,3,confirm,25224197.49364163,5277933.6950866915,89022.0,13199,19,10,246861.9369935642,5442710.4675267525,
S5,3,slope,25224197.49364163,5301245.112874832,84102.0,13813,19,5,246861.9369935642,5509408.249325495,0.056934249267157816
S5,4,agent,25224197.49364163,4663562.708858543,63972.0,14940,19,10,25782.55507129561,4655848.587555608,
S5,4,noexp,25224197.49364163,2144076.801752216,98580.0,4680,0,7,0.0,2144076.801752216,
S5,4,template,25224197.49364163,14429207.715448283,20464.0,5116,6,2,846051.4396609159,14607739.20486043,
S5,4,confirm,25224197.49364163,4641767.405668618,69736.0,12755,19,10,219674.74434022215,4794828.664698036,
S5,4,slope,25224197.49364163,4238295.467647534,64816.0,12608,19,5,219674.74434022215,4356970.833863748,0.292520351871913
S5,5,agent,25224197.49364163,2449874.2643346097,98894.0,14669,19,10,11895.489505333979,2418147.4338056417,
S5,5,noexp,25224197.49364163,2144076.801752216,98580.0,4680,0,7,0.0,2144076.801752216,
S5,5,template,25224197.49364163,14344516.44932729,30712.0,7678,6,3,843795.4633016775,14355624.088633081,
S5,5,confirm,25224197.49364163,3921967.5080229794,95882.0,11762,19,10,236938.1005089457,4166536.4808810875,
S5,5,slope,25224197.49364163,4740294.556341309,92460.0,14169,19,6,236938.1005089457,4947910.608605853,0.12819124997106782
S5,6,agent,25224197.49364163,766208.9459788308,94814.0,14942,19,10,28851.925609850347,604314.8165920898,
S5,6,noexp,25224197.49364163,2144076.801752216,98580.0,4680,0,7,0.0,2144076.801752216,
S5,6,template,25224197.49364163,14241203.10351954,46248.0,11562,6,4,872019.0226517685,14412351.527266065,
S5,6,confirm,25224197.49364163,5293361.740170328,76268.0,14344,19,10,232394.97269963636,5482134.80770515,
S5,6,slope,25224197.49364163,4972652.191644654,71348.0,13238,19,4,232394.97269963636,5161425.259179475,0.21333439622655279
S5,7,agent,25224197.49364163,2300708.918991334,97754.0,9566,19,10,83350.68795807875,2190002.179118449,
S5,7,noexp,25224197.49364163,2144076.801752216,98580.0,4680,0,7,0.0,2144076.801752216,
S5,7,template,25224197.49364163,14175694.891437715,39368.0,9842,6,3,833616.1216759891,14354230.69488698,
S5,7,confirm,25224197.49364163,5663652.011605155,71994.0,13956,19,10,209781.03444916004,5898283.657714993,
S5,7,slope,25224197.49364163,5342668.421832012,62916.0,12850,19,4,209781.03444916004,5577300.067941851,0.19830827417070998
S5,8,agent,25224197.49364163,2920079.513947929,89880.0,14726,19,10,88590.24638178588,2887247.022520858,
S5,8,noexp,25224197.49364163,2144076.801752216,98580.0,4680,0,7,0.0,2144076.801752216,
S5,8,template,25224197.49364163,14478253.4496435,27344.0,6836,6,3,903842.4348858052,14665860.037239516,
S5,8,confirm,25224197.49364163,4452076.207309201,80688.0,14979,19,10,236301.3223163744,4569841.357558088,
S5,8,slope,25224197.49364163,4203921.325499698,76616.0,14555,19,4,236301.3223163744,4321686.475748585,0.03934375178656024
S5,9,agent,25224197.49364163,2954094.6764405086,87576.0,14405,19,10,-86602.31447826482,3094058.016674215,
S5,9,noexp,25224197.49364163,2144076.801752216,98580.0,4680,0,7,0.0,2144076.801752216,
S5,9,template,25224197.49364163,14037000.48216193,51168.0,12792,6,4,899893.194631203,14035562.746280547,
S5,9,confirm,25224197.49364163,3000446.7236620844,76044.0,14288,19,10,220745.28580264232,3117916.848230041,
S5,9,slope,25224197.49364163,2672213.146307817,71124.0,14145,19,5,220745.28580264232,2769733.288753568,0.13296545468905216
S7,0,agent,4838956.177691349,-3687206.810723205,80170.0,14971,19,10,-8750.553966863723,-3645579.3705371516,
S7,0,noexp,4838956.177691349,-4888120.255323164,98580.0,4680,0,7,0.0,-4888120.255323164,
S7,0,template,4838956.177691349,1958805.3013075702,32264.0,8066,6,3,138465.47490288963,1957693.7910310812,
S7,0,confirm,4838956.177691349,-2091911.0327842718,94040.0,8540,19,9,-688196.1241547664,-1433803.5827983555,
S7,0,slope,4838956.177691349,-759132.9919123913,67904.0,7490,19,2,-688196.1241547664,-101025.54192647469,-1.0472412907289395
S7,1,agent,4838956.177691349,-3581112.0993821826,85732.0,11893,19,10,3961.3958689241445,-3510056.136730803,
S7,1,noexp,4838956.177691349,-4888120.255323164,98580.0,4680,0,7,0.0,-4888120.255323164,
S7,1,template,4838956.177691349,2157950.1684038676,60000.0,15000,6,6,137928.36586677894,2157423.401744288,
S7,1,confirm,4838956.177691349,-1776371.5464289074,78624.0,6488,19,8,-694813.2655580197,-1043086.4250318437,
S7,1,slope,4838956.177691349,-392962.8215550736,50922.0,5382,19,1,-694813.2655580197,340322.29984199,-0.9896565080719674
S7,2,agent,4838956.177691349,-1430051.9633373017,95514.0,13560,19,10,244.55369226961193,-1497693.2544317117,
S7,2,noexp,4838956.177691349,-4888120.255323164,98580.0,4680,0,7,0.0,-4888120.255323164,
S7,2,template,4838956.177691349,1908337.3385805525,50944.0,12736,6,5,137859.78453839244,1904093.633023786,
S7,2,confirm,4838956.177691349,-1895599.8603965524,78118.0,12550,19,10,-663368.9418709194,-1253117.1443716036,
S7,2,slope,4838956.177691349,-469663.68084558425,76528.0,14551,19,5,-663368.9418709194,197704.56216739354,-1.005779753912887
S7,3,agent,4838956.177691349,-4497766.93183074,94706.0,12296,19,10,-6386.662902046857,-4519547.416447431,
S7,3,noexp,4838956.177691349,-4888120.255323164,98580.0,4680,0,7,0.0,-4888120.255323164,
S7,3,template,4838956.177691349,1966470.6147589013,23832.0,5958,6,2,138630.63209872507,1966125.7910310812,
S7,3,confirm,4838956.177691349,-1201160.6078626395,55156.0,14108,19,9,-682417.2720805835,-466279.32366379147,
S7,3,slope,4838956.177691349,-272160.43897305836,52232.0,13058,19,2,-682417.2720805835,462720.8452257896,-1.335999844094231
S7,4,agent,4838956.177691349,-2564217.8487281674,61908.0,14892,19,10,4481.979845691836,-2653948.511103471,
S7,4,noexp,4838956.177691349,-4888120.255323164,98580.0,4680,0,7,0.0,-4888120.255323164,
S7,4,template,4838956.177691349,1958330.2545468917,32264.0,8066,6,3,136448.4291572073,1957693.7910310812,
S7,4,confirm,4838956.177691349,-1486803.221004704,49108.0,14178,19,10,-677232.9584633549,-801444.3700513372,
S7,4,slope,4838956.177691349,-556165.4249172625,50036.0,14142,19,6,-677232.9584633549,133704.6932914397,-1.10074598743999
S7,5,agent,4838956.177691349,-3997964.3803645247,73638.0,14796,19,10,1061.2687495725386,-4057652.553060786,
S7,5,noexp,4838956.177691349,-4888120.255323164,98580.0,4680,0,7,0.0,-4888120.255323164,
S7,5,template,4838956.177691349,1916433.2723295758,42512.0,10628,6,4,137588.90258942958,1912525.633023786,
S7,5,confirm,4838956.177691349,-1833127.6690184767,88302.0,14108,19,10,-663389.4443290997,-1207548.2404409435,
S7,5,slope,4838956.177691349,-818729.3279080188,98800.0,13058,19,3,-663389.4443290997,-196112.38661222748,-1.2663862265051955
S7,6,agent,4838956.177691349,-2497783.8277974147,79376.0,14993,19,10,624.2969560518268,-2493003.053141657,
S7,6,noexp,4838956.177691349,-4888120.255323164,98580.0,4680,0,7,0.0,-4888120.255323164,
S7,6,template,4838956.177691349,1197931.0362650636,46248.0,11562,6,4,137489.51126662723,1136149.091189702,
S7,6,confirm,4838956.177691349,-1916948.6952947895,81010.0,6907,19,8,-680389.3799759464,-1256504.101732364,
S7,6,slope,4838956.177691349,-680620.3525281713,61372.0,5857,19,1,-680389.3799759464,-20175.758965745503,-1.1835083923232728
S7,7,agent,4838956.177691349,-3424418.9898372227,96216.0,10930,19,9,-13591.294911571149,-3408708.479140005,
S7,7,noexp,4838956.177691349,-4888120.255323164,98580.0,4680,0,7,0.0,-4888120.255323164,
S7,7,template,4838956.177691349,1282901.7603417924,42736.0,10684,6,3,138232.9154627885,1222749.0402189433,
S7,7,confirm,4838956.177691349,-1761341.10433076,33834.0,4629,19,5,-676478.7959207767,-1084862.3084099833,
S7,7,slope,4838956.177691349,-556694.2922514044,14996.0,5382,19,1,-676478.7959207767,138326.58082426107,-1.1980094331509525
S7,8,agent,4838956.177691349,-3737932.0228007566,74198.0,14999,19,10,3431.2961834283706,-3791347.528480964,
S7,8,noexp,4838956.177691349,-4888120.255323164,98580.0,4680,0,7,0.0,-4888120.255323164,
S7,8,template,4838956.177691349,989990.8472506253,27344.0,6836,6,3,140732.6198843373,920448.5812162522,
S7,8,confirm,4838956.177691349,-1549329.5286500775,93376.0,14976,19,10,-697508.2037302221,-874147.7131445496,
S7,8,slope,4838956.177691349,-650557.3432952253,92736.0,14635,19,4,-697508.2037302221,32464.025042624096,-1.356236399401221
S7,9,agent,4838956.177691349,-3658893.5174999014,90126.0,12681,19,10,-21.391638959788907,-3709624.093444873,
S7,9,noexp,4838956.177691349,-4888120.255323164,98580.0,4680,0,7,0.0,-4888120.255323164,
S7,9,template,4838956.177691349,1501976.420880929,51168.0,12792,6,4,140713.89821521912,1473017.1978034326,
S7,9,confirm,4838956.177691349,-834588.3079274765,90664.0,13834,19,10,-665068.280729283,-152746.9943956017,
S7,9,slope,4838956.177691349,-354879.5103466828,99122.0,14498,19,8,-665068.280729283,349824.6140253191,-1.2609533828374013
